"url","language","local_html","sitemap","production_fetched","index_directive","classification","evidence_date","confidence","counterevidence"
"https://www.metatecnocq.com/","en","true","true","true","index","should_index","2026-08-10","medium","Sitemap plus indexable local HTML expresses intent, but does not prove Google indexing"
"https://www.metatecnocq.com/be/","be","true","false","true","index","unknown_inventory_exclusion","2026-08-10","medium","May be intentionally omitted, a duplicate alternative, or a sitemap maintenance gap; no GSC evidence"
"https://www.metatecnocq.com/be/electrolyzer-cells/","be","false","true","false","index","unknown_source_divergence","2026-08-10","high","URL may exist only in the deployed build; local source lacks matching canonical HTML"
"https://www.metatecnocq.com/bg/","bg","true","false","false","index","unknown_inventory_exclusion","2026-08-10","medium","May be intentionally omitted, a duplicate alternative, or a sitemap maintenance gap; no GSC evidence"
"https://www.metatecnocq.com/bg/electrolyzer-cells/","bg","false","true","false","index","unknown_source_divergence","2026-08-10","high","URL may exist only in the deployed build; local source lacks matching canonical HTML"
"https://www.metatecnocq.com/cs/","cs","true","false","false","index","unknown_inventory_exclusion","2026-08-10","medium","May be intentionally omitted, a duplicate alternative, or a sitemap maintenance gap; no GSC evidence"
"https://www.metatecnocq.com/cs/electrolyzer-cells/","cs","false","true","false","index","unknown_source_divergence","2026-08-10","high","URL may exist only in the deployed build; local source lacks matching canonical HTML"
"https://www.metatecnocq.com/da/","da","true","false","false","index","unknown_inventory_exclusion","2026-08-10","medium","May be intentionally omitted, a duplicate alternative, or a sitemap maintenance gap; no GSC evidence"
"https://www.metatecnocq.com/da/electrolyzer-cells/","da","false","true","false","index","unknown_source_divergence","2026-08-10","high","URL may exist only in the deployed build; local source lacks matching canonical HTML"
"https://www.metatecnocq.com/de/","de","true","true","false","index","should_index","2026-08-10","medium","Sitemap plus indexable local HTML expresses intent, but does not prove Google indexing"
"https://www.metatecnocq.com/de/about/","de","true","true","false","index","should_index","2026-08-10","medium","Sitemap plus indexable local HTML expresses intent, but does not prove Google indexing"
"https://www.metatecnocq.com/de/contact/","de","true","true","false","index","should_index","2026-08-10","medium","Sitemap plus indexable local HTML expresses intent, but does not prove Google indexing"
"https://www.metatecnocq.com/de/products/","de","true","true","false","index","should_index","2026-08-10","medium","Sitemap plus indexable local HTML expresses intent, but does not prove Google indexing"
"https://www.metatecnocq.com/de/technology/","de","true","true","false","index","should_index","2026-08-10","medium","Sitemap plus indexable local HTML expresses intent, but does not prove Google indexing"
"https://www.metatecnocq.com/el/","el","true","false","true","index","unknown_inventory_exclusion","2026-08-10","medium","May be intentionally omitted, a duplicate alternative, or a sitemap maintenance gap; no GSC evidence"
"https://www.metatecnocq.com/el/electrolyzer-cells/","el","false","true","false","index","unknown_source_divergence","2026-08-10","high","URL may exist only in the deployed build; local source lacks matching canonical HTML"
"https://www.metatecnocq.com/en/","en","true","true","true","index","should_index","2026-08-10","medium","Sitemap plus indexable local HTML expresses intent, but does not prove Google indexing"
"https://www.metatecnocq.com/en/about/","en","true","true","true","index","should_index","2026-08-10","medium","Sitemap plus indexable local HTML expresses intent, but does not prove Google indexing"
"https://www.metatecnocq.com/en/contact/","en","true","true","true","index","should_index","2026-08-10","medium","Sitemap plus indexable local HTML expresses intent, but does not prove Google indexing"
"https://www.metatecnocq.com/en/electrolyzer-cells/","en","true","true","false","index","should_index","2026-08-10","medium","Sitemap plus indexable local HTML expresses intent, but does not prove Google indexing"
"https://www.metatecnocq.com/en/knowledge/","en","true","true","false","index","should_index","2026-08-10","medium","Sitemap plus indexable local HTML expresses intent, but does not prove Google indexing"
"https://www.metatecnocq.com/en/knowledge/dd350-anode-gasket-vs-cathode-gasket/","en","true","true","false","index","should_index","2026-08-10","medium","Sitemap plus indexable local HTML expresses intent, but does not prove Google indexing"
"https://www.metatecnocq.com/en/knowledge/how-to-choose-gasket-material-for-chlor-alkali-electrolyzers/","en","true","true","false","index","should_index","2026-08-10","medium","Sitemap plus indexable local HTML expresses intent, but does not prove Google indexing"
"https://www.metatecnocq.com/en/knowledge/information-required-for-electrolyzer-seal-quotation/","en","true","true","false","index","should_index","2026-08-10","medium","Sitemap plus indexable local HTML expresses intent, but does not prove Google indexing"
"https://www.metatecnocq.com/en/knowledge/ptfe-pfa-fep-pvdf-for-chemical-sealing/","en","true","true","false","index","should_index","2026-08-10","medium","Sitemap plus indexable local HTML expresses intent, but does not prove Google indexing"
"https://www.metatecnocq.com/en/knowledge/why-model-number-is-not-enough-for-electrolyzer-gasket-quotation/","en","true","true","false","index","should_index","2026-08-10","medium","Sitemap plus indexable local HTML expresses intent, but does not prove Google indexing"
"https://www.metatecnocq.com/en/news/","en","true","false","false","index","unknown_inventory_exclusion","2026-08-10","medium","May be intentionally omitted, a duplicate alternative, or a sitemap maintenance gap; no GSC evidence"
"https://www.metatecnocq.com/en/privacy-policy/","en","true","false","false","index","unknown_inventory_exclusion","2026-08-10","medium","May be intentionally omitted, a duplicate alternative, or a sitemap maintenance gap; no GSC evidence"
"https://www.metatecnocq.com/en/privacy/","en","true","false","false","index","unknown_inventory_exclusion","2026-08-10","medium","May be intentionally omitted, a duplicate alternative, or a sitemap maintenance gap; no GSC evidence"
"https://www.metatecnocq.com/en/products/","en","true","true","true","index","should_index","2026-08-10","medium","Sitemap plus indexable local HTML expresses intent, but does not prove Google indexing"
"https://www.metatecnocq.com/en/products/anode-gasket-2/","en","true","true","false","index","should_index","2026-08-10","medium","Sitemap plus indexable local HTML expresses intent, but does not prove Google indexing"
"https://www.metatecnocq.com/en/products/anode-gasket-3/","en","true","true","false","index","should_index","2026-08-10","medium","Sitemap plus indexable local HTML expresses intent, but does not prove Google indexing"
"https://www.metatecnocq.com/en/products/anode-gasket-4/","en","true","true","false","index","should_index","2026-08-10","medium","Sitemap plus indexable local HTML expresses intent, but does not prove Google indexing"
"https://www.metatecnocq.com/en/products/anode-gasket-5/","en","true","true","false","index","should_index","2026-08-10","medium","Sitemap plus indexable local HTML expresses intent, but does not prove Google indexing"
"https://www.metatecnocq.com/en/products/anode-gasket-6/","en","true","true","false","index","should_index","2026-08-10","medium","Sitemap plus indexable local HTML expresses intent, but does not prove Google indexing"
"https://www.metatecnocq.com/en/products/anode-gasket/","en","true","true","false","index","should_index","2026-08-10","medium","Sitemap plus indexable local HTML expresses intent, but does not prove Google indexing"
"https://www.metatecnocq.com/en/products/asahi-kasei-electrolyzer-gasket/","en","true","true","false","index","should_index","2026-08-10","medium","Sitemap plus indexable local HTML expresses intent, but does not prove Google indexing"
"https://www.metatecnocq.com/en/products/cathode-gasket-10/","en","true","true","false","index","should_index","2026-08-10","medium","Sitemap plus indexable local HTML expresses intent, but does not prove Google indexing"
"https://www.metatecnocq.com/en/products/cathode-gasket-2/","en","true","true","false","index","should_index","2026-08-10","medium","Sitemap plus indexable local HTML expresses intent, but does not prove Google indexing"
"https://www.metatecnocq.com/en/products/cathode-gasket-3/","en","true","true","false","index","should_index","2026-08-10","medium","Sitemap plus indexable local HTML expresses intent, but does not prove Google indexing"
"https://www.metatecnocq.com/en/products/cathode-gasket-4/","en","true","true","false","index","should_index","2026-08-10","medium","Sitemap plus indexable local HTML expresses intent, but does not prove Google indexing"
"https://www.metatecnocq.com/en/products/cathode-gasket-5/","en","true","true","false","index","should_index","2026-08-10","medium","Sitemap plus indexable local HTML expresses intent, but does not prove Google indexing"
"https://www.metatecnocq.com/en/products/cathode-gasket-6/","en","true","true","false","index","should_index","2026-08-10","medium","Sitemap plus indexable local HTML expresses intent, but does not prove Google indexing"
"https://www.metatecnocq.com/en/products/cathode-gasket-7/","en","true","true","false","index","should_index","2026-08-10","medium","Sitemap plus indexable local HTML expresses intent, but does not prove Google indexing"
"https://www.metatecnocq.com/en/products/cathode-gasket-8/","en","true","true","false","index","should_index","2026-08-10","medium","Sitemap plus indexable local HTML expresses intent, but does not prove Google indexing"
"https://www.metatecnocq.com/en/products/cathode-gasket-9/","en","true","true","false","index","should_index","2026-08-10","medium","Sitemap plus indexable local HTML expresses intent, but does not prove Google indexing"
"https://www.metatecnocq.com/en/products/cathode-gasket/","en","true","true","false","index","should_index","2026-08-10","medium","Sitemap plus indexable local HTML expresses intent, but does not prove Google indexing"
"https://www.metatecnocq.com/en/products/chlor-alkali-electrolyzer-gaskets/","en","true","true","false","index","should_index","2026-08-10","medium","Sitemap plus indexable local HTML expresses intent, but does not prove Google indexing"
"https://www.metatecnocq.com/en/products/custom-gasket/","en","true","true","false","index","should_index","2026-08-10","medium","Sitemap plus indexable local HTML expresses intent, but does not prove Google indexing"
"https://www.metatecnocq.com/en/products/dd350-anode-gasket-2/","en","true","true","false","index","should_index","2026-08-10","medium","Sitemap plus indexable local HTML expresses intent, but does not prove Google indexing"
"https://www.metatecnocq.com/en/products/dd350-anode-gasket/","en","true","true","false","index","should_index","2026-08-10","medium","Sitemap plus indexable local HTML expresses intent, but does not prove Google indexing"
"https://www.metatecnocq.com/en/products/dd350-cathode-gasket/","en","true","true","false","index","should_index","2026-08-10","medium","Sitemap plus indexable local HTML expresses intent, but does not prove Google indexing"
"https://www.metatecnocq.com/en/products/electrolyzer-seals/","en","true","true","false","index","should_index","2026-08-10","medium","Sitemap plus indexable local HTML expresses intent, but does not prove Google indexing"
"https://www.metatecnocq.com/en/products/f2-anode-gasket-2/","en","true","true","false","index","should_index","2026-08-10","medium","Sitemap plus indexable local HTML expresses intent, but does not prove Google indexing"
"https://www.metatecnocq.com/en/products/f2-anode-gasket-3/","en","true","true","false","index","should_index","2026-08-10","medium","Sitemap plus indexable local HTML expresses intent, but does not prove Google indexing"
"https://www.metatecnocq.com/en/products/f2-anode-gasket/","en","true","true","false","index","should_index","2026-08-10","medium","Sitemap plus indexable local HTML expresses intent, but does not prove Google indexing"
"https://www.metatecnocq.com/en/products/f2-cathode-gasket-2/","en","true","true","false","index","should_index","2026-08-10","medium","Sitemap plus indexable local HTML expresses intent, but does not prove Google indexing"
"https://www.metatecnocq.com/en/products/f2-cathode-gasket/","en","true","true","false","index","should_index","2026-08-10","medium","Sitemap plus indexable local HTML expresses intent, but does not prove Google indexing"
"https://www.metatecnocq.com/en/products/flange-gasket-2/","en","true","true","false","index","should_index","2026-08-10","medium","Sitemap plus indexable local HTML expresses intent, but does not prove Google indexing"
"https://www.metatecnocq.com/en/products/flange-gasket/","en","true","true","false","index","should_index","2026-08-10","medium","Sitemap plus indexable local HTML expresses intent, but does not prove Google indexing"
"https://www.metatecnocq.com/en/products/fluoroplastic-hose-2/","en","true","true","false","index","should_index","2026-08-10","medium","Sitemap plus indexable local HTML expresses intent, but does not prove Google indexing"
"https://www.metatecnocq.com/en/products/fluoroplastic-hose/","en","true","true","false","index","should_index","2026-08-10","medium","Sitemap plus indexable local HTML expresses intent, but does not prove Google indexing"
"https://www.metatecnocq.com/en/products/fluoroplastic-seal/","en","true","true","false","index","should_index","2026-08-10","medium","Sitemap plus indexable local HTML expresses intent, but does not prove Google indexing"
"https://www.metatecnocq.com/en/products/fluoroplastic-sealing-products/","en","true","true","false","index","should_index","2026-08-10","medium","Sitemap plus indexable local HTML expresses intent, but does not prove Google indexing"
"https://www.metatecnocq.com/en/products/fluoroplastic/","en","true","true","false","index","should_index","2026-08-10","medium","Sitemap plus indexable local HTML expresses intent, but does not prove Google indexing"
"https://www.metatecnocq.com/en/products/ici-gasket-2/","en","true","true","false","index","should_index","2026-08-10","medium","Sitemap plus indexable local HTML expresses intent, but does not prove Google indexing"
"https://www.metatecnocq.com/en/products/ici-gasket-3/","en","true","true","false","index","should_index","2026-08-10","medium","Sitemap plus indexable local HTML expresses intent, but does not prove Google indexing"
"https://www.metatecnocq.com/en/products/ici-gasket-4/","en","true","true","false","index","should_index","2026-08-10","medium","Sitemap plus indexable local HTML expresses intent, but does not prove Google indexing"
"https://www.metatecnocq.com/en/products/ici-gasket-5/","en","true","true","false","index","should_index","2026-08-10","medium","Sitemap plus indexable local HTML expresses intent, but does not prove Google indexing"
"https://www.metatecnocq.com/en/products/ici-gasket-6/","en","true","true","false","index","should_index","2026-08-10","medium","Sitemap plus indexable local HTML expresses intent, but does not prove Google indexing"
"https://www.metatecnocq.com/en/products/ici-gasket/","en","true","true","false","index","should_index","2026-08-10","medium","Sitemap plus indexable local HTML expresses intent, but does not prove Google indexing"
"https://www.metatecnocq.com/en/products/ineos-electrolyzer-gasket/","en","true","true","false","index","should_index","2026-08-10","medium","Sitemap plus indexable local HTML expresses intent, but does not prove Google indexing"
"https://www.metatecnocq.com/en/products/inlet-outlet-hose/","en","true","true","false","index","should_index","2026-08-10","medium","Sitemap plus indexable local HTML expresses intent, but does not prove Google indexing"
"https://www.metatecnocq.com/en/products/main-frame-gasket-2/","en","true","true","false","index","should_index","2026-08-10","medium","Sitemap plus indexable local HTML expresses intent, but does not prove Google indexing"
"https://www.metatecnocq.com/en/products/main-frame-gasket/","en","true","true","false","index","should_index","2026-08-10","medium","Sitemap plus indexable local HTML expresses intent, but does not prove Google indexing"
"https://www.metatecnocq.com/en/products/pipeline-seals/","en","true","true","false","index","should_index","2026-08-10","medium","Sitemap plus indexable local HTML expresses intent, but does not prove Google indexing"
"https://www.metatecnocq.com/en/products/ptfe-hose-assemblies/","en","true","true","false","index","should_index","2026-08-10","medium","Sitemap plus indexable local HTML expresses intent, but does not prove Google indexing"
"https://www.metatecnocq.com/en/products/rubber-gasket-2/","en","true","true","false","index","should_index","2026-08-10","medium","Sitemap plus indexable local HTML expresses intent, but does not prove Google indexing"
"https://www.metatecnocq.com/en/products/rubber-gasket-3/","en","true","true","false","index","should_index","2026-08-10","medium","Sitemap plus indexable local HTML expresses intent, but does not prove Google indexing"
"https://www.metatecnocq.com/en/products/rubber-gasket-4/","en","true","true","false","index","should_index","2026-08-10","medium","Sitemap plus indexable local HTML expresses intent, but does not prove Google indexing"
"https://www.metatecnocq.com/en/products/rubber-gasket/","en","true","true","false","index","should_index","2026-08-10","medium","Sitemap plus indexable local HTML expresses intent, but does not prove Google indexing"
"https://www.metatecnocq.com/en/products/uhde-electrolyzer-gasket/","en","true","true","false","index","should_index","2026-08-10","medium","Sitemap plus indexable local HTML expresses intent, but does not prove Google indexing"
"https://www.metatecnocq.com/en/products/uhde-gasket/","en","true","true","false","index","should_index","2026-08-10","medium","Sitemap plus indexable local HTML expresses intent, but does not prove Google indexing"
"https://www.metatecnocq.com/en/products/western-petroleum-anode-gasket-2/","en","true","true","false","index","should_index","2026-08-10","medium","Sitemap plus indexable local HTML expresses intent, but does not prove Google indexing"
"https://www.metatecnocq.com/en/products/western-petroleum-anode-gasket/","en","true","true","false","index","should_index","2026-08-10","medium","Sitemap plus indexable local HTML expresses intent, but does not prove Google indexing"
"https://www.metatecnocq.com/en/products/western-petroleum-cathode-gasket-2/","en","true","true","false","index","should_index","2026-08-10","medium","Sitemap plus indexable local HTML expresses intent, but does not prove Google indexing"
"https://www.metatecnocq.com/en/products/western-petroleum-cathode-gasket-3/","en","true","true","false","index","should_index","2026-08-10","medium","Sitemap plus indexable local HTML expresses intent, but does not prove Google indexing"
"https://www.metatecnocq.com/en/products/western-petroleum-cathode-gasket/","en","true","true","false","index","should_index","2026-08-10","medium","Sitemap plus indexable local HTML expresses intent, but does not prove Google indexing"
"https://www.metatecnocq.com/en/services/electrolyzer-cell-repair/","en","true","true","false","index","should_index","2026-08-10","medium","Sitemap plus indexable local HTML expresses intent, but does not prove Google indexing"
"https://www.metatecnocq.com/en/sitemap/","en","true","false","false","index","unknown_inventory_exclusion","2026-08-10","medium","May be intentionally omitted, a duplicate alternative, or a sitemap maintenance gap; no GSC evidence"
"https://www.metatecnocq.com/en/technology/","en","true","true","true","index","should_index","2026-08-10","medium","Sitemap plus indexable local HTML expresses intent, but does not prove Google indexing"
"https://www.metatecnocq.com/en/terms-of-service/","en","true","false","false","index","unknown_inventory_exclusion","2026-08-10","medium","May be intentionally omitted, a duplicate alternative, or a sitemap maintenance gap; no GSC evidence"
"https://www.metatecnocq.com/en/terms/","en","true","false","false","index","unknown_inventory_exclusion","2026-08-10","medium","May be intentionally omitted, a duplicate alternative, or a sitemap maintenance gap; no GSC evidence"
"https://www.metatecnocq.com/en/thank-you/","en","true","false","false","noindex","reasonable_exclusion","2026-08-10","high","No GSC URL Inspection was available to confirm Google behavior"
"https://www.metatecnocq.com/es/","es","true","true","true","index","should_index","2026-08-10","medium","Sitemap plus indexable local HTML expresses intent, but does not prove Google indexing"
"https://www.metatecnocq.com/es/about/","es","true","true","false","index","should_index","2026-08-10","medium","Sitemap plus indexable local HTML expresses intent, but does not prove Google indexing"
"https://www.metatecnocq.com/es/contact/","es","true","true","false","index","should_index","2026-08-10","medium","Sitemap plus indexable local HTML expresses intent, but does not prove Google indexing"
"https://www.metatecnocq.com/es/electrolyzer-cells/","es","true","true","false","index","should_index","2026-08-10","medium","Sitemap plus indexable local HTML expresses intent, but does not prove Google indexing"
"https://www.metatecnocq.com/es/news/","es","true","false","false","index","unknown_inventory_exclusion","2026-08-10","medium","May be intentionally omitted, a duplicate alternative, or a sitemap maintenance gap; no GSC evidence"
"https://www.metatecnocq.com/es/privacy-policy/","es","true","false","false","index","unknown_inventory_exclusion","2026-08-10","medium","May be intentionally omitted, a duplicate alternative, or a sitemap maintenance gap; no GSC evidence"
"https://www.metatecnocq.com/es/privacy/","es","true","false","false","index","unknown_inventory_exclusion","2026-08-10","medium","May be intentionally omitted, a duplicate alternative, or a sitemap maintenance gap; no GSC evidence"
"https://www.metatecnocq.com/es/products/","es","true","true","false","index","should_index","2026-08-10","medium","Sitemap plus indexable local HTML expresses intent, but does not prove Google indexing"
"https://www.metatecnocq.com/es/products/anode-gasket-2/","es","true","false","false","index","unknown_inventory_exclusion","2026-08-10","medium","May be intentionally omitted, a duplicate alternative, or a sitemap maintenance gap; no GSC evidence"
"https://www.metatecnocq.com/es/products/anode-gasket-3/","es","true","false","false","index","unknown_inventory_exclusion","2026-08-10","medium","May be intentionally omitted, a duplicate alternative, or a sitemap maintenance gap; no GSC evidence"
"https://www.metatecnocq.com/es/products/anode-gasket-4/","es","true","false","false","index","unknown_inventory_exclusion","2026-08-10","medium","May be intentionally omitted, a duplicate alternative, or a sitemap maintenance gap; no GSC evidence"
"https://www.metatecnocq.com/es/products/anode-gasket-5/","es","true","false","false","index","unknown_inventory_exclusion","2026-08-10","medium","May be intentionally omitted, a duplicate alternative, or a sitemap maintenance gap; no GSC evidence"
"https://www.metatecnocq.com/es/products/anode-gasket-6/","es","true","false","false","index","unknown_inventory_exclusion","2026-08-10","medium","May be intentionally omitted, a duplicate alternative, or a sitemap maintenance gap; no GSC evidence"
"https://www.metatecnocq.com/es/products/anode-gasket/","es","true","false","false","index","unknown_inventory_exclusion","2026-08-10","medium","May be intentionally omitted, a duplicate alternative, or a sitemap maintenance gap; no GSC evidence"
"https://www.metatecnocq.com/es/products/cathode-gasket-10/","es","true","false","false","index","unknown_inventory_exclusion","2026-08-10","medium","May be intentionally omitted, a duplicate alternative, or a sitemap maintenance gap; no GSC evidence"
"https://www.metatecnocq.com/es/products/cathode-gasket-2/","es","true","false","false","index","unknown_inventory_exclusion","2026-08-10","medium","May be intentionally omitted, a duplicate alternative, or a sitemap maintenance gap; no GSC evidence"
"https://www.metatecnocq.com/es/products/cathode-gasket-3/","es","true","false","false","index","unknown_inventory_exclusion","2026-08-10","medium","May be intentionally omitted, a duplicate alternative, or a sitemap maintenance gap; no GSC evidence"
"https://www.metatecnocq.com/es/products/cathode-gasket-4/","es","true","false","false","index","unknown_inventory_exclusion","2026-08-10","medium","May be intentionally omitted, a duplicate alternative, or a sitemap maintenance gap; no GSC evidence"
"https://www.metatecnocq.com/es/products/cathode-gasket-5/","es","true","false","false","index","unknown_inventory_exclusion","2026-08-10","medium","May be intentionally omitted, a duplicate alternative, or a sitemap maintenance gap; no GSC evidence"
"https://www.metatecnocq.com/es/products/cathode-gasket-6/","es","true","false","false","index","unknown_inventory_exclusion","2026-08-10","medium","May be intentionally omitted, a duplicate alternative, or a sitemap maintenance gap; no GSC evidence"
"https://www.metatecnocq.com/es/products/cathode-gasket-7/","es","true","false","false","index","unknown_inventory_exclusion","2026-08-10","medium","May be intentionally omitted, a duplicate alternative, or a sitemap maintenance gap; no GSC evidence"
"https://www.metatecnocq.com/es/products/cathode-gasket-8/","es","true","false","false","index","unknown_inventory_exclusion","2026-08-10","medium","May be intentionally omitted, a duplicate alternative, or a sitemap maintenance gap; no GSC evidence"
"https://www.metatecnocq.com/es/products/cathode-gasket-9/","es","true","false","false","index","unknown_inventory_exclusion","2026-08-10","medium","May be intentionally omitted, a duplicate alternative, or a sitemap maintenance gap; no GSC evidence"
"https://www.metatecnocq.com/es/products/cathode-gasket/","es","true","false","false","index","unknown_inventory_exclusion","2026-08-10","medium","May be intentionally omitted, a duplicate alternative, or a sitemap maintenance gap; no GSC evidence"
"https://www.metatecnocq.com/es/products/custom-gasket/","es","true","false","false","index","unknown_inventory_exclusion","2026-08-10","medium","May be intentionally omitted, a duplicate alternative, or a sitemap maintenance gap; no GSC evidence"
"https://www.metatecnocq.com/es/products/dd350-anode-gasket-2/","es","true","false","false","index","unknown_inventory_exclusion","2026-08-10","medium","May be intentionally omitted, a duplicate alternative, or a sitemap maintenance gap; no GSC evidence"
"https://www.metatecnocq.com/es/products/dd350-anode-gasket/","es","true","true","false","index","should_index","2026-08-10","medium","Sitemap plus indexable local HTML expresses intent, but does not prove Google indexing"
"https://www.metatecnocq.com/es/products/dd350-cathode-gasket/","es","true","true","false","index","should_index","2026-08-10","medium","Sitemap plus indexable local HTML expresses intent, but does not prove Google indexing"
"https://www.metatecnocq.com/es/products/electrolyzer-seals/","es","true","false","false","index","unknown_inventory_exclusion","2026-08-10","medium","May be intentionally omitted, a duplicate alternative, or a sitemap maintenance gap; no GSC evidence"
"https://www.metatecnocq.com/es/products/f2-anode-gasket-2/","es","true","false","false","index","unknown_inventory_exclusion","2026-08-10","medium","May be intentionally omitted, a duplicate alternative, or a sitemap maintenance gap; no GSC evidence"
"https://www.metatecnocq.com/es/products/f2-anode-gasket-3/","es","true","false","false","index","unknown_inventory_exclusion","2026-08-10","medium","May be intentionally omitted, a duplicate alternative, or a sitemap maintenance gap; no GSC evidence"
"https://www.metatecnocq.com/es/products/f2-anode-gasket/","es","true","false","false","index","unknown_inventory_exclusion","2026-08-10","medium","May be intentionally omitted, a duplicate alternative, or a sitemap maintenance gap; no GSC evidence"
"https://www.metatecnocq.com/es/products/f2-cathode-gasket-2/","es","true","false","false","index","unknown_inventory_exclusion","2026-08-10","medium","May be intentionally omitted, a duplicate alternative, or a sitemap maintenance gap; no GSC evidence"
"https://www.metatecnocq.com/es/products/f2-cathode-gasket/","es","true","false","false","index","unknown_inventory_exclusion","2026-08-10","medium","May be intentionally omitted, a duplicate alternative, or a sitemap maintenance gap; no GSC evidence"
"https://www.metatecnocq.com/es/products/flange-gasket-2/","es","true","false","false","index","unknown_inventory_exclusion","2026-08-10","medium","May be intentionally omitted, a duplicate alternative, or a sitemap maintenance gap; no GSC evidence"
"https://www.metatecnocq.com/es/products/flange-gasket/","es","true","false","false","index","unknown_inventory_exclusion","2026-08-10","medium","May be intentionally omitted, a duplicate alternative, or a sitemap maintenance gap; no GSC evidence"
"https://www.metatecnocq.com/es/products/fluoroplastic-hose-2/","es","true","false","false","index","unknown_inventory_exclusion","2026-08-10","medium","May be intentionally omitted, a duplicate alternative, or a sitemap maintenance gap; no GSC evidence"
"https://www.metatecnocq.com/es/products/fluoroplastic-hose/","es","true","true","false","index","should_index","2026-08-10","medium","Sitemap plus indexable local HTML expresses intent, but does not prove Google indexing"
"https://www.metatecnocq.com/es/products/fluoroplastic-seal/","es","true","false","false","index","unknown_inventory_exclusion","2026-08-10","medium","May be intentionally omitted, a duplicate alternative, or a sitemap maintenance gap; no GSC evidence"
"https://www.metatecnocq.com/es/products/fluoroplastic/","es","true","true","false","index","should_index","2026-08-10","medium","Sitemap plus indexable local HTML expresses intent, but does not prove Google indexing"
"https://www.metatecnocq.com/es/products/ici-gasket-2/","es","true","false","false","index","unknown_inventory_exclusion","2026-08-10","medium","May be intentionally omitted, a duplicate alternative, or a sitemap maintenance gap; no GSC evidence"
"https://www.metatecnocq.com/es/products/ici-gasket-3/","es","true","false","false","index","unknown_inventory_exclusion","2026-08-10","medium","May be intentionally omitted, a duplicate alternative, or a sitemap maintenance gap; no GSC evidence"
"https://www.metatecnocq.com/es/products/ici-gasket-4/","es","true","false","false","index","unknown_inventory_exclusion","2026-08-10","medium","May be intentionally omitted, a duplicate alternative, or a sitemap maintenance gap; no GSC evidence"
"https://www.metatecnocq.com/es/products/ici-gasket-5/","es","true","false","false","index","unknown_inventory_exclusion","2026-08-10","medium","May be intentionally omitted, a duplicate alternative, or a sitemap maintenance gap; no GSC evidence"
"https://www.metatecnocq.com/es/products/ici-gasket-6/","es","true","false","false","index","unknown_inventory_exclusion","2026-08-10","medium","May be intentionally omitted, a duplicate alternative, or a sitemap maintenance gap; no GSC evidence"
"https://www.metatecnocq.com/es/products/ici-gasket/","es","true","false","false","index","unknown_inventory_exclusion","2026-08-10","medium","May be intentionally omitted, a duplicate alternative, or a sitemap maintenance gap; no GSC evidence"
"https://www.metatecnocq.com/es/products/inlet-outlet-hose/","es","true","false","false","index","unknown_inventory_exclusion","2026-08-10","medium","May be intentionally omitted, a duplicate alternative, or a sitemap maintenance gap; no GSC evidence"
"https://www.metatecnocq.com/es/products/main-frame-gasket-2/","es","true","false","false","index","unknown_inventory_exclusion","2026-08-10","medium","May be intentionally omitted, a duplicate alternative, or a sitemap maintenance gap; no GSC evidence"
"https://www.metatecnocq.com/es/products/main-frame-gasket/","es","true","false","false","index","unknown_inventory_exclusion","2026-08-10","medium","May be intentionally omitted, a duplicate alternative, or a sitemap maintenance gap; no GSC evidence"
"https://www.metatecnocq.com/es/products/pipeline-seals/","es","true","false","false","index","unknown_inventory_exclusion","2026-08-10","medium","May be intentionally omitted, a duplicate alternative, or a sitemap maintenance gap; no GSC evidence"
"https://www.metatecnocq.com/es/products/rubber-gasket-2/","es","true","false","false","index","unknown_inventory_exclusion","2026-08-10","medium","May be intentionally omitted, a duplicate alternative, or a sitemap maintenance gap; no GSC evidence"
"https://www.metatecnocq.com/es/products/rubber-gasket-3/","es","true","false","false","index","unknown_inventory_exclusion","2026-08-10","medium","May be intentionally omitted, a duplicate alternative, or a sitemap maintenance gap; no GSC evidence"
"https://www.metatecnocq.com/es/products/rubber-gasket-4/","es","true","false","false","index","unknown_inventory_exclusion","2026-08-10","medium","May be intentionally omitted, a duplicate alternative, or a sitemap maintenance gap; no GSC evidence"
"https://www.metatecnocq.com/es/products/rubber-gasket/","es","true","false","false","index","unknown_inventory_exclusion","2026-08-10","medium","May be intentionally omitted, a duplicate alternative, or a sitemap maintenance gap; no GSC evidence"
"https://www.metatecnocq.com/es/products/uhde-gasket/","es","true","true","false","index","should_index","2026-08-10","medium","Sitemap plus indexable local HTML expresses intent, but does not prove Google indexing"
"https://www.metatecnocq.com/es/products/western-petroleum-anode-gasket-2/","es","true","false","false","index","unknown_inventory_exclusion","2026-08-10","medium","May be intentionally omitted, a duplicate alternative, or a sitemap maintenance gap; no GSC evidence"
"https://www.metatecnocq.com/es/products/western-petroleum-anode-gasket/","es","true","false","false","index","unknown_inventory_exclusion","2026-08-10","medium","May be intentionally omitted, a duplicate alternative, or a sitemap maintenance gap; no GSC evidence"
"https://www.metatecnocq.com/es/products/western-petroleum-cathode-gasket-2/","es","true","false","false","index","unknown_inventory_exclusion","2026-08-10","medium","May be intentionally omitted, a duplicate alternative, or a sitemap maintenance gap; no GSC evidence"
"https://www.metatecnocq.com/es/products/western-petroleum-cathode-gasket-3/","es","true","false","false","index","unknown_inventory_exclusion","2026-08-10","medium","May be intentionally omitted, a duplicate alternative, or a sitemap maintenance gap; no GSC evidence"
"https://www.metatecnocq.com/es/products/western-petroleum-cathode-gasket/","es","true","false","false","index","unknown_inventory_exclusion","2026-08-10","medium","May be intentionally omitted, a duplicate alternative, or a sitemap maintenance gap; no GSC evidence"
"https://www.metatecnocq.com/es/services/electrolyzer-cell-repair/","es","true","true","false","index","should_index","2026-08-10","medium","Sitemap plus indexable local HTML expresses intent, but does not prove Google indexing"
"https://www.metatecnocq.com/es/sitemap/","es","true","false","false","index","unknown_inventory_exclusion","2026-08-10","medium","May be intentionally omitted, a duplicate alternative, or a sitemap maintenance gap; no GSC evidence"
"https://www.metatecnocq.com/es/technology/","es","true","true","false","index","should_index","2026-08-10","medium","Sitemap plus indexable local HTML expresses intent, but does not prove Google indexing"
"https://www.metatecnocq.com/es/terms-of-service/","es","true","false","false","index","unknown_inventory_exclusion","2026-08-10","medium","May be intentionally omitted, a duplicate alternative, or a sitemap maintenance gap; no GSC evidence"
"https://www.metatecnocq.com/es/terms/","es","true","false","false","index","unknown_inventory_exclusion","2026-08-10","medium","May be intentionally omitted, a duplicate alternative, or a sitemap maintenance gap; no GSC evidence"
"https://www.metatecnocq.com/es/thank-you/","es","true","false","false","noindex","reasonable_exclusion","2026-08-10","high","No GSC URL Inspection was available to confirm Google behavior"
"https://www.metatecnocq.com/fa/","fa","true","false","false","index","unknown_inventory_exclusion","2026-08-10","medium","May be intentionally omitted, a duplicate alternative, or a sitemap maintenance gap; no GSC evidence"
"https://www.metatecnocq.com/fa/electrolyzer-cells/","fa","false","true","false","index","unknown_source_divergence","2026-08-10","high","URL may exist only in the deployed build; local source lacks matching canonical HTML"
"https://www.metatecnocq.com/fi/","fi","true","false","false","index","unknown_inventory_exclusion","2026-08-10","medium","May be intentionally omitted, a duplicate alternative, or a sitemap maintenance gap; no GSC evidence"
"https://www.metatecnocq.com/fi/electrolyzer-cells/","fi","false","true","false","index","unknown_source_divergence","2026-08-10","high","URL may exist only in the deployed build; local source lacks matching canonical HTML"
"https://www.metatecnocq.com/fr/","fr","true","true","true","index","should_index","2026-08-10","medium","Sitemap plus indexable local HTML expresses intent, but does not prove Google indexing"
"https://www.metatecnocq.com/fr/about/","fr","true","true","false","index","should_index","2026-08-10","medium","Sitemap plus indexable local HTML expresses intent, but does not prove Google indexing"
"https://www.metatecnocq.com/fr/contact/","fr","true","true","false","index","should_index","2026-08-10","medium","Sitemap plus indexable local HTML expresses intent, but does not prove Google indexing"
"https://www.metatecnocq.com/fr/electrolyzer-cells/","fr","true","true","false","index","should_index","2026-08-10","medium","Sitemap plus indexable local HTML expresses intent, but does not prove Google indexing"
"https://www.metatecnocq.com/fr/news/","fr","true","false","false","index","unknown_inventory_exclusion","2026-08-10","medium","May be intentionally omitted, a duplicate alternative, or a sitemap maintenance gap; no GSC evidence"
"https://www.metatecnocq.com/fr/privacy-policy/","fr","true","false","false","index","unknown_inventory_exclusion","2026-08-10","medium","May be intentionally omitted, a duplicate alternative, or a sitemap maintenance gap; no GSC evidence"
"https://www.metatecnocq.com/fr/privacy/","fr","true","false","false","index","unknown_inventory_exclusion","2026-08-10","medium","May be intentionally omitted, a duplicate alternative, or a sitemap maintenance gap; no GSC evidence"
"https://www.metatecnocq.com/fr/products/","fr","true","true","false","index","should_index","2026-08-10","medium","Sitemap plus indexable local HTML expresses intent, but does not prove Google indexing"
"https://www.metatecnocq.com/fr/products/anode-gasket-2/","fr","true","false","false","index","unknown_inventory_exclusion","2026-08-10","medium","May be intentionally omitted, a duplicate alternative, or a sitemap maintenance gap; no GSC evidence"
"https://www.metatecnocq.com/fr/products/anode-gasket-3/","fr","true","false","false","index","unknown_inventory_exclusion","2026-08-10","medium","May be intentionally omitted, a duplicate alternative, or a sitemap maintenance gap; no GSC evidence"
"https://www.metatecnocq.com/fr/products/anode-gasket-4/","fr","true","false","false","index","unknown_inventory_exclusion","2026-08-10","medium","May be intentionally omitted, a duplicate alternative, or a sitemap maintenance gap; no GSC evidence"
"https://www.metatecnocq.com/fr/products/anode-gasket-5/","fr","true","false","false","index","unknown_inventory_exclusion","2026-08-10","medium","May be intentionally omitted, a duplicate alternative, or a sitemap maintenance gap; no GSC evidence"
"https://www.metatecnocq.com/fr/products/anode-gasket-6/","fr","true","false","false","index","unknown_inventory_exclusion","2026-08-10","medium","May be intentionally omitted, a duplicate alternative, or a sitemap maintenance gap; no GSC evidence"
"https://www.metatecnocq.com/fr/products/anode-gasket/","fr","true","false","false","index","unknown_inventory_exclusion","2026-08-10","medium","May be intentionally omitted, a duplicate alternative, or a sitemap maintenance gap; no GSC evidence"
"https://www.metatecnocq.com/fr/products/cathode-gasket-10/","fr","true","false","false","index","unknown_inventory_exclusion","2026-08-10","medium","May be intentionally omitted, a duplicate alternative, or a sitemap maintenance gap; no GSC evidence"
"https://www.metatecnocq.com/fr/products/cathode-gasket-2/","fr","true","false","false","index","unknown_inventory_exclusion","2026-08-10","medium","May be intentionally omitted, a duplicate alternative, or a sitemap maintenance gap; no GSC evidence"
"https://www.metatecnocq.com/fr/products/cathode-gasket-3/","fr","true","false","false","index","unknown_inventory_exclusion","2026-08-10","medium","May be intentionally omitted, a duplicate alternative, or a sitemap maintenance gap; no GSC evidence"
"https://www.metatecnocq.com/fr/products/cathode-gasket-4/","fr","true","false","false","index","unknown_inventory_exclusion","2026-08-10","medium","May be intentionally omitted, a duplicate alternative, or a sitemap maintenance gap; no GSC evidence"
"https://www.metatecnocq.com/fr/products/cathode-gasket-5/","fr","true","false","false","index","unknown_inventory_exclusion","2026-08-10","medium","May be intentionally omitted, a duplicate alternative, or a sitemap maintenance gap; no GSC evidence"
"https://www.metatecnocq.com/fr/products/cathode-gasket-6/","fr","true","false","false","index","unknown_inventory_exclusion","2026-08-10","medium","May be intentionally omitted, a duplicate alternative, or a sitemap maintenance gap; no GSC evidence"
"https://www.metatecnocq.com/fr/products/cathode-gasket-7/","fr","true","false","false","index","unknown_inventory_exclusion","2026-08-10","medium","May be intentionally omitted, a duplicate alternative, or a sitemap maintenance gap; no GSC evidence"
"https://www.metatecnocq.com/fr/products/cathode-gasket-8/","fr","true","false","false","index","unknown_inventory_exclusion","2026-08-10","medium","May be intentionally omitted, a duplicate alternative, or a sitemap maintenance gap; no GSC evidence"
"https://www.metatecnocq.com/fr/products/cathode-gasket-9/","fr","true","false","false","index","unknown_inventory_exclusion","2026-08-10","medium","May be intentionally omitted, a duplicate alternative, or a sitemap maintenance gap; no GSC evidence"
"https://www.metatecnocq.com/fr/products/cathode-gasket/","fr","true","false","false","index","unknown_inventory_exclusion","2026-08-10","medium","May be intentionally omitted, a duplicate alternative, or a sitemap maintenance gap; no GSC evidence"
"https://www.metatecnocq.com/fr/products/custom-gasket/","fr","true","false","false","index","unknown_inventory_exclusion","2026-08-10","medium","May be intentionally omitted, a duplicate alternative, or a sitemap maintenance gap; no GSC evidence"
"https://www.metatecnocq.com/fr/products/dd350-anode-gasket-2/","fr","true","false","false","index","unknown_inventory_exclusion","2026-08-10","medium","May be intentionally omitted, a duplicate alternative, or a sitemap maintenance gap; no GSC evidence"
"https://www.metatecnocq.com/fr/products/dd350-anode-gasket/","fr","true","true","false","index","should_index","2026-08-10","medium","Sitemap plus indexable local HTML expresses intent, but does not prove Google indexing"
"https://www.metatecnocq.com/fr/products/dd350-cathode-gasket/","fr","true","true","false","index","should_index","2026-08-10","medium","Sitemap plus indexable local HTML expresses intent, but does not prove Google indexing"
"https://www.metatecnocq.com/fr/products/electrolyzer-seals/","fr","true","false","false","index","unknown_inventory_exclusion","2026-08-10","medium","May be intentionally omitted, a duplicate alternative, or a sitemap maintenance gap; no GSC evidence"
"https://www.metatecnocq.com/fr/products/f2-anode-gasket-2/","fr","true","false","false","index","unknown_inventory_exclusion","2026-08-10","medium","May be intentionally omitted, a duplicate alternative, or a sitemap maintenance gap; no GSC evidence"
"https://www.metatecnocq.com/fr/products/f2-anode-gasket-3/","fr","true","false","false","index","unknown_inventory_exclusion","2026-08-10","medium","May be intentionally omitted, a duplicate alternative, or a sitemap maintenance gap; no GSC evidence"
"https://www.metatecnocq.com/fr/products/f2-anode-gasket/","fr","true","false","false","index","unknown_inventory_exclusion","2026-08-10","medium","May be intentionally omitted, a duplicate alternative, or a sitemap maintenance gap; no GSC evidence"
"https://www.metatecnocq.com/fr/products/f2-cathode-gasket-2/","fr","true","false","false","index","unknown_inventory_exclusion","2026-08-10","medium","May be intentionally omitted, a duplicate alternative, or a sitemap maintenance gap; no GSC evidence"
"https://www.metatecnocq.com/fr/products/f2-cathode-gasket/","fr","true","false","false","index","unknown_inventory_exclusion","2026-08-10","medium","May be intentionally omitted, a duplicate alternative, or a sitemap maintenance gap; no GSC evidence"
"https://www.metatecnocq.com/fr/products/flange-gasket-2/","fr","true","false","false","index","unknown_inventory_exclusion","2026-08-10","medium","May be intentionally omitted, a duplicate alternative, or a sitemap maintenance gap; no GSC evidence"
"https://www.metatecnocq.com/fr/products/flange-gasket/","fr","true","false","false","index","unknown_inventory_exclusion","2026-08-10","medium","May be intentionally omitted, a duplicate alternative, or a sitemap maintenance gap; no GSC evidence"
"https://www.metatecnocq.com/fr/products/fluoroplastic-hose-2/","fr","true","false","false","index","unknown_inventory_exclusion","2026-08-10","medium","May be intentionally omitted, a duplicate alternative, or a sitemap maintenance gap; no GSC evidence"
"https://www.metatecnocq.com/fr/products/fluoroplastic-hose/","fr","true","true","false","index","should_index","2026-08-10","medium","Sitemap plus indexable local HTML expresses intent, but does not prove Google indexing"
"https://www.metatecnocq.com/fr/products/fluoroplastic-seal/","fr","true","false","false","index","unknown_inventory_exclusion","2026-08-10","medium","May be intentionally omitted, a duplicate alternative, or a sitemap maintenance gap; no GSC evidence"
"https://www.metatecnocq.com/fr/products/fluoroplastic/","fr","true","true","false","index","should_index","2026-08-10","medium","Sitemap plus indexable local HTML expresses intent, but does not prove Google indexing"
"https://www.metatecnocq.com/fr/products/ici-gasket-2/","fr","true","false","false","index","unknown_inventory_exclusion","2026-08-10","medium","May be intentionally omitted, a duplicate alternative, or a sitemap maintenance gap; no GSC evidence"
"https://www.metatecnocq.com/fr/products/ici-gasket-3/","fr","true","false","false","index","unknown_inventory_exclusion","2026-08-10","medium","May be intentionally omitted, a duplicate alternative, or a sitemap maintenance gap; no GSC evidence"
"https://www.metatecnocq.com/fr/products/ici-gasket-4/","fr","true","false","false","index","unknown_inventory_exclusion","2026-08-10","medium","May be intentionally omitted, a duplicate alternative, or a sitemap maintenance gap; no GSC evidence"
"https://www.metatecnocq.com/fr/products/ici-gasket-5/","fr","true","false","false","index","unknown_inventory_exclusion","2026-08-10","medium","May be intentionally omitted, a duplicate alternative, or a sitemap maintenance gap; no GSC evidence"
"https://www.metatecnocq.com/fr/products/ici-gasket-6/","fr","true","false","false","index","unknown_inventory_exclusion","2026-08-10","medium","May be intentionally omitted, a duplicate alternative, or a sitemap maintenance gap; no GSC evidence"
"https://www.metatecnocq.com/fr/products/ici-gasket/","fr","true","false","false","index","unknown_inventory_exclusion","2026-08-10","medium","May be intentionally omitted, a duplicate alternative, or a sitemap maintenance gap; no GSC evidence"
"https://www.metatecnocq.com/fr/products/inlet-outlet-hose/","fr","true","false","false","index","unknown_inventory_exclusion","2026-08-10","medium","May be intentionally omitted, a duplicate alternative, or a sitemap maintenance gap; no GSC evidence"
"https://www.metatecnocq.com/fr/products/main-frame-gasket-2/","fr","true","false","false","index","unknown_inventory_exclusion","2026-08-10","medium","May be intentionally omitted, a duplicate alternative, or a sitemap maintenance gap; no GSC evidence"
"https://www.metatecnocq.com/fr/products/main-frame-gasket/","fr","true","false","false","index","unknown_inventory_exclusion","2026-08-10","medium","May be intentionally omitted, a duplicate alternative, or a sitemap maintenance gap; no GSC evidence"
"https://www.metatecnocq.com/fr/products/pipeline-seals/","fr","true","false","false","index","unknown_inventory_exclusion","2026-08-10","medium","May be intentionally omitted, a duplicate alternative, or a sitemap maintenance gap; no GSC evidence"
"https://www.metatecnocq.com/fr/products/rubber-gasket-2/","fr","true","false","false","index","unknown_inventory_exclusion","2026-08-10","medium","May be intentionally omitted, a duplicate alternative, or a sitemap maintenance gap; no GSC evidence"
"https://www.metatecnocq.com/fr/products/rubber-gasket-3/","fr","true","false","false","index","unknown_inventory_exclusion","2026-08-10","medium","May be intentionally omitted, a duplicate alternative, or a sitemap maintenance gap; no GSC evidence"
"https://www.metatecnocq.com/fr/products/rubber-gasket-4/","fr","true","false","false","index","unknown_inventory_exclusion","2026-08-10","medium","May be intentionally omitted, a duplicate alternative, or a sitemap maintenance gap; no GSC evidence"
"https://www.metatecnocq.com/fr/products/rubber-gasket/","fr","true","false","false","index","unknown_inventory_exclusion","2026-08-10","medium","May be intentionally omitted, a duplicate alternative, or a sitemap maintenance gap; no GSC evidence"
"https://www.metatecnocq.com/fr/products/uhde-gasket/","fr","true","true","false","index","should_index","2026-08-10","medium","Sitemap plus indexable local HTML expresses intent, but does not prove Google indexing"
"https://www.metatecnocq.com/fr/products/western-petroleum-anode-gasket-2/","fr","true","false","false","index","unknown_inventory_exclusion","2026-08-10","medium","May be intentionally omitted, a duplicate alternative, or a sitemap maintenance gap; no GSC evidence"
"https://www.metatecnocq.com/fr/products/western-petroleum-anode-gasket/","fr","true","false","false","index","unknown_inventory_exclusion","2026-08-10","medium","May be intentionally omitted, a duplicate alternative, or a sitemap maintenance gap; no GSC evidence"
"https://www.metatecnocq.com/fr/products/western-petroleum-cathode-gasket-2/","fr","true","false","false","index","unknown_inventory_exclusion","2026-08-10","medium","May be intentionally omitted, a duplicate alternative, or a sitemap maintenance gap; no GSC evidence"
"https://www.metatecnocq.com/fr/products/western-petroleum-cathode-gasket-3/","fr","true","false","false","index","unknown_inventory_exclusion","2026-08-10","medium","May be intentionally omitted, a duplicate alternative, or a sitemap maintenance gap; no GSC evidence"
"https://www.metatecnocq.com/fr/products/western-petroleum-cathode-gasket/","fr","true","false","false","index","unknown_inventory_exclusion","2026-08-10","medium","May be intentionally omitted, a duplicate alternative, or a sitemap maintenance gap; no GSC evidence"
"https://www.metatecnocq.com/fr/services/electrolyzer-cell-repair/","fr","true","true","false","index","should_index","2026-08-10","medium","Sitemap plus indexable local HTML expresses intent, but does not prove Google indexing"
"https://www.metatecnocq.com/fr/sitemap/","fr","true","false","false","index","unknown_inventory_exclusion","2026-08-10","medium","May be intentionally omitted, a duplicate alternative, or a sitemap maintenance gap; no GSC evidence"
"https://www.metatecnocq.com/fr/technology/","fr","true","true","false","index","should_index","2026-08-10","medium","Sitemap plus indexable local HTML expresses intent, but does not prove Google indexing"
"https://www.metatecnocq.com/fr/terms-of-service/","fr","true","false","false","index","unknown_inventory_exclusion","2026-08-10","medium","May be intentionally omitted, a duplicate alternative, or a sitemap maintenance gap; no GSC evidence"
"https://www.metatecnocq.com/fr/terms/","fr","true","false","false","index","unknown_inventory_exclusion","2026-08-10","medium","May be intentionally omitted, a duplicate alternative, or a sitemap maintenance gap; no GSC evidence"
"https://www.metatecnocq.com/fr/thank-you/","fr","true","false","false","noindex","reasonable_exclusion","2026-08-10","high","No GSC URL Inspection was available to confirm Google behavior"
"https://www.metatecnocq.com/he/","he","true","false","false","index","unknown_inventory_exclusion","2026-08-10","medium","May be intentionally omitted, a duplicate alternative, or a sitemap maintenance gap; no GSC evidence"
"https://www.metatecnocq.com/he/electrolyzer-cells/","he","false","true","false","index","unknown_source_divergence","2026-08-10","high","URL may exist only in the deployed build; local source lacks matching canonical HTML"
"https://www.metatecnocq.com/hi/","hi","true","false","true","index","unknown_inventory_exclusion","2026-08-10","medium","May be intentionally omitted, a duplicate alternative, or a sitemap maintenance gap; no GSC evidence"
"https://www.metatecnocq.com/hi/electrolyzer-cells/","hi","false","true","false","index","unknown_source_divergence","2026-08-10","high","URL may exist only in the deployed build; local source lacks matching canonical HTML"
"https://www.metatecnocq.com/hr/","hr","true","false","true","index","unknown_inventory_exclusion","2026-08-10","medium","May be intentionally omitted, a duplicate alternative, or a sitemap maintenance gap; no GSC evidence"
"https://www.metatecnocq.com/hr/electrolyzer-cells/","hr","false","true","false","index","unknown_source_divergence","2026-08-10","high","URL may exist only in the deployed build; local source lacks matching canonical HTML"
"https://www.metatecnocq.com/hu/","hu","true","false","false","index","unknown_inventory_exclusion","2026-08-10","medium","May be intentionally omitted, a duplicate alternative, or a sitemap maintenance gap; no GSC evidence"
"https://www.metatecnocq.com/hu/electrolyzer-cells/","hu","false","true","false","index","unknown_source_divergence","2026-08-10","high","URL may exist only in the deployed build; local source lacks matching canonical HTML"
"https://www.metatecnocq.com/id/","id","true","false","true","index","unknown_inventory_exclusion","2026-08-10","medium","May be intentionally omitted, a duplicate alternative, or a sitemap maintenance gap; no GSC evidence"
"https://www.metatecnocq.com/id/electrolyzer-cells/","id","false","true","false","index","unknown_source_divergence","2026-08-10","high","URL may exist only in the deployed build; local source lacks matching canonical HTML"
"https://www.metatecnocq.com/it/","it","true","false","true","index","unknown_inventory_exclusion","2026-08-10","medium","May be intentionally omitted, a duplicate alternative, or a sitemap maintenance gap; no GSC evidence"
"https://www.metatecnocq.com/it/about/","it","true","false","false","index","unknown_inventory_exclusion","2026-08-10","medium","May be intentionally omitted, a duplicate alternative, or a sitemap maintenance gap; no GSC evidence"
"https://www.metatecnocq.com/it/contact/","it","true","false","false","index","unknown_inventory_exclusion","2026-08-10","medium","May be intentionally omitted, a duplicate alternative, or a sitemap maintenance gap; no GSC evidence"
"https://www.metatecnocq.com/it/electrolyzer-cells/","it","true","true","false","index","should_index","2026-08-10","medium","Sitemap plus indexable local HTML expresses intent, but does not prove Google indexing"
"https://www.metatecnocq.com/it/news/","it","true","false","false","index","unknown_inventory_exclusion","2026-08-10","medium","May be intentionally omitted, a duplicate alternative, or a sitemap maintenance gap; no GSC evidence"
"https://www.metatecnocq.com/it/privacy-policy/","it","true","false","false","index","unknown_inventory_exclusion","2026-08-10","medium","May be intentionally omitted, a duplicate alternative, or a sitemap maintenance gap; no GSC evidence"
"https://www.metatecnocq.com/it/privacy/","it","true","false","false","index","unknown_inventory_exclusion","2026-08-10","medium","May be intentionally omitted, a duplicate alternative, or a sitemap maintenance gap; no GSC evidence"
"https://www.metatecnocq.com/it/products/","it","true","false","false","index","unknown_inventory_exclusion","2026-08-10","medium","May be intentionally omitted, a duplicate alternative, or a sitemap maintenance gap; no GSC evidence"
"https://www.metatecnocq.com/it/products/anode-gasket-2/","it","true","false","false","index","unknown_inventory_exclusion","2026-08-10","medium","May be intentionally omitted, a duplicate alternative, or a sitemap maintenance gap; no GSC evidence"
"https://www.metatecnocq.com/it/products/anode-gasket-3/","it","true","false","false","index","unknown_inventory_exclusion","2026-08-10","medium","May be intentionally omitted, a duplicate alternative, or a sitemap maintenance gap; no GSC evidence"
"https://www.metatecnocq.com/it/products/anode-gasket-4/","it","true","false","false","index","unknown_inventory_exclusion","2026-08-10","medium","May be intentionally omitted, a duplicate alternative, or a sitemap maintenance gap; no GSC evidence"
"https://www.metatecnocq.com/it/products/anode-gasket-5/","it","true","false","false","index","unknown_inventory_exclusion","2026-08-10","medium","May be intentionally omitted, a duplicate alternative, or a sitemap maintenance gap; no GSC evidence"
"https://www.metatecnocq.com/it/products/anode-gasket-6/","it","true","false","false","index","unknown_inventory_exclusion","2026-08-10","medium","May be intentionally omitted, a duplicate alternative, or a sitemap maintenance gap; no GSC evidence"
"https://www.metatecnocq.com/it/products/anode-gasket/","it","true","false","false","index","unknown_inventory_exclusion","2026-08-10","medium","May be intentionally omitted, a duplicate alternative, or a sitemap maintenance gap; no GSC evidence"
"https://www.metatecnocq.com/it/products/cathode-gasket-10/","it","true","false","false","index","unknown_inventory_exclusion","2026-08-10","medium","May be intentionally omitted, a duplicate alternative, or a sitemap maintenance gap; no GSC evidence"
"https://www.metatecnocq.com/it/products/cathode-gasket-2/","it","true","false","false","index","unknown_inventory_exclusion","2026-08-10","medium","May be intentionally omitted, a duplicate alternative, or a sitemap maintenance gap; no GSC evidence"
"https://www.metatecnocq.com/it/products/cathode-gasket-3/","it","true","false","false","index","unknown_inventory_exclusion","2026-08-10","medium","May be intentionally omitted, a duplicate alternative, or a sitemap maintenance gap; no GSC evidence"
"https://www.metatecnocq.com/it/products/cathode-gasket-4/","it","true","false","false","index","unknown_inventory_exclusion","2026-08-10","medium","May be intentionally omitted, a duplicate alternative, or a sitemap maintenance gap; no GSC evidence"
"https://www.metatecnocq.com/it/products/cathode-gasket-5/","it","true","false","false","index","unknown_inventory_exclusion","2026-08-10","medium","May be intentionally omitted, a duplicate alternative, or a sitemap maintenance gap; no GSC evidence"
"https://www.metatecnocq.com/it/products/cathode-gasket-6/","it","true","false","false","index","unknown_inventory_exclusion","2026-08-10","medium","May be intentionally omitted, a duplicate alternative, or a sitemap maintenance gap; no GSC evidence"
"https://www.metatecnocq.com/it/products/cathode-gasket-7/","it","true","false","false","index","unknown_inventory_exclusion","2026-08-10","medium","May be intentionally omitted, a duplicate alternative, or a sitemap maintenance gap; no GSC evidence"
"https://www.metatecnocq.com/it/products/cathode-gasket-8/","it","true","false","false","index","unknown_inventory_exclusion","2026-08-10","medium","May be intentionally omitted, a duplicate alternative, or a sitemap maintenance gap; no GSC evidence"
"https://www.metatecnocq.com/it/products/cathode-gasket-9/","it","true","false","false","index","unknown_inventory_exclusion","2026-08-10","medium","May be intentionally omitted, a duplicate alternative, or a sitemap maintenance gap; no GSC evidence"
"https://www.metatecnocq.com/it/products/cathode-gasket/","it","true","false","false","index","unknown_inventory_exclusion","2026-08-10","medium","May be intentionally omitted, a duplicate alternative, or a sitemap maintenance gap; no GSC evidence"
"https://www.metatecnocq.com/it/products/custom-gasket/","it","true","false","false","index","unknown_inventory_exclusion","2026-08-10","medium","May be intentionally omitted, a duplicate alternative, or a sitemap maintenance gap; no GSC evidence"
"https://www.metatecnocq.com/it/products/dd350-anode-gasket-2/","it","true","false","false","index","unknown_inventory_exclusion","2026-08-10","medium","May be intentionally omitted, a duplicate alternative, or a sitemap maintenance gap; no GSC evidence"
"https://www.metatecnocq.com/it/products/dd350-anode-gasket/","it","true","false","false","index","unknown_inventory_exclusion","2026-08-10","medium","May be intentionally omitted, a duplicate alternative, or a sitemap maintenance gap; no GSC evidence"
"https://www.metatecnocq.com/it/products/dd350-cathode-gasket/","it","true","false","false","index","unknown_inventory_exclusion","2026-08-10","medium","May be intentionally omitted, a duplicate alternative, or a sitemap maintenance gap; no GSC evidence"
"https://www.metatecnocq.com/it/products/electrolyzer-seals/","it","true","false","false","index","unknown_inventory_exclusion","2026-08-10","medium","May be intentionally omitted, a duplicate alternative, or a sitemap maintenance gap; no GSC evidence"
"https://www.metatecnocq.com/it/products/f2-anode-gasket-2/","it","true","false","false","index","unknown_inventory_exclusion","2026-08-10","medium","May be intentionally omitted, a duplicate alternative, or a sitemap maintenance gap; no GSC evidence"
"https://www.metatecnocq.com/it/products/f2-anode-gasket-3/","it","true","false","false","index","unknown_inventory_exclusion","2026-08-10","medium","May be intentionally omitted, a duplicate alternative, or a sitemap maintenance gap; no GSC evidence"
"https://www.metatecnocq.com/it/products/f2-anode-gasket/","it","true","false","false","index","unknown_inventory_exclusion","2026-08-10","medium","May be intentionally omitted, a duplicate alternative, or a sitemap maintenance gap; no GSC evidence"
"https://www.metatecnocq.com/it/products/f2-cathode-gasket-2/","it","true","false","false","index","unknown_inventory_exclusion","2026-08-10","medium","May be intentionally omitted, a duplicate alternative, or a sitemap maintenance gap; no GSC evidence"
"https://www.metatecnocq.com/it/products/f2-cathode-gasket/","it","true","false","false","index","unknown_inventory_exclusion","2026-08-10","medium","May be intentionally omitted, a duplicate alternative, or a sitemap maintenance gap; no GSC evidence"
"https://www.metatecnocq.com/it/products/flange-gasket-2/","it","true","false","false","index","unknown_inventory_exclusion","2026-08-10","medium","May be intentionally omitted, a duplicate alternative, or a sitemap maintenance gap; no GSC evidence"
"https://www.metatecnocq.com/it/products/flange-gasket/","it","true","false","false","index","unknown_inventory_exclusion","2026-08-10","medium","May be intentionally omitted, a duplicate alternative, or a sitemap maintenance gap; no GSC evidence"
"https://www.metatecnocq.com/it/products/fluoroplastic-hose-2/","it","true","false","false","index","unknown_inventory_exclusion","2026-08-10","medium","May be intentionally omitted, a duplicate alternative, or a sitemap maintenance gap; no GSC evidence"
"https://www.metatecnocq.com/it/products/fluoroplastic-hose/","it","true","false","false","index","unknown_inventory_exclusion","2026-08-10","medium","May be intentionally omitted, a duplicate alternative, or a sitemap maintenance gap; no GSC evidence"
"https://www.metatecnocq.com/it/products/fluoroplastic-seal/","it","true","false","false","index","unknown_inventory_exclusion","2026-08-10","medium","May be intentionally omitted, a duplicate alternative, or a sitemap maintenance gap; no GSC evidence"
"https://www.metatecnocq.com/it/products/fluoroplastic/","it","true","false","false","index","unknown_inventory_exclusion","2026-08-10","medium","May be intentionally omitted, a duplicate alternative, or a sitemap maintenance gap; no GSC evidence"
"https://www.metatecnocq.com/it/products/ici-gasket-2/","it","true","false","false","index","unknown_inventory_exclusion","2026-08-10","medium","May be intentionally omitted, a duplicate alternative, or a sitemap maintenance gap; no GSC evidence"
"https://www.metatecnocq.com/it/products/ici-gasket-3/","it","true","false","false","index","unknown_inventory_exclusion","2026-08-10","medium","May be intentionally omitted, a duplicate alternative, or a sitemap maintenance gap; no GSC evidence"
"https://www.metatecnocq.com/it/products/ici-gasket-4/","it","true","false","false","index","unknown_inventory_exclusion","2026-08-10","medium","May be intentionally omitted, a duplicate alternative, or a sitemap maintenance gap; no GSC evidence"
"https://www.metatecnocq.com/it/products/ici-gasket-5/","it","true","false","false","index","unknown_inventory_exclusion","2026-08-10","medium","May be intentionally omitted, a duplicate alternative, or a sitemap maintenance gap; no GSC evidence"
"https://www.metatecnocq.com/it/products/ici-gasket-6/","it","true","false","false","index","unknown_inventory_exclusion","2026-08-10","medium","May be intentionally omitted, a duplicate alternative, or a sitemap maintenance gap; no GSC evidence"
"https://www.metatecnocq.com/it/products/ici-gasket/","it","true","false","false","index","unknown_inventory_exclusion","2026-08-10","medium","May be intentionally omitted, a duplicate alternative, or a sitemap maintenance gap; no GSC evidence"
"https://www.metatecnocq.com/it/products/inlet-outlet-hose/","it","true","false","false","index","unknown_inventory_exclusion","2026-08-10","medium","May be intentionally omitted, a duplicate alternative, or a sitemap maintenance gap; no GSC evidence"
"https://www.metatecnocq.com/it/products/main-frame-gasket-2/","it","true","false","false","index","unknown_inventory_exclusion","2026-08-10","medium","May be intentionally omitted, a duplicate alternative, or a sitemap maintenance gap; no GSC evidence"
"https://www.metatecnocq.com/it/products/main-frame-gasket/","it","true","false","false","index","unknown_inventory_exclusion","2026-08-10","medium","May be intentionally omitted, a duplicate alternative, or a sitemap maintenance gap; no GSC evidence"
"https://www.metatecnocq.com/it/products/pipeline-seals/","it","true","false","false","index","unknown_inventory_exclusion","2026-08-10","medium","May be intentionally omitted, a duplicate alternative, or a sitemap maintenance gap; no GSC evidence"
"https://www.metatecnocq.com/it/products/rubber-gasket-2/","it","true","false","false","index","unknown_inventory_exclusion","2026-08-10","medium","May be intentionally omitted, a duplicate alternative, or a sitemap maintenance gap; no GSC evidence"
"https://www.metatecnocq.com/it/products/rubber-gasket-3/","it","true","false","false","index","unknown_inventory_exclusion","2026-08-10","medium","May be intentionally omitted, a duplicate alternative, or a sitemap maintenance gap; no GSC evidence"
"https://www.metatecnocq.com/it/products/rubber-gasket-4/","it","true","false","false","index","unknown_inventory_exclusion","2026-08-10","medium","May be intentionally omitted, a duplicate alternative, or a sitemap maintenance gap; no GSC evidence"
"https://www.metatecnocq.com/it/products/rubber-gasket/","it","true","false","false","index","unknown_inventory_exclusion","2026-08-10","medium","May be intentionally omitted, a duplicate alternative, or a sitemap maintenance gap; no GSC evidence"
"https://www.metatecnocq.com/it/products/uhde-gasket/","it","true","false","false","index","unknown_inventory_exclusion","2026-08-10","medium","May be intentionally omitted, a duplicate alternative, or a sitemap maintenance gap; no GSC evidence"
"https://www.metatecnocq.com/it/products/western-petroleum-anode-gasket-2/","it","true","false","false","index","unknown_inventory_exclusion","2026-08-10","medium","May be intentionally omitted, a duplicate alternative, or a sitemap maintenance gap; no GSC evidence"
"https://www.metatecnocq.com/it/products/western-petroleum-anode-gasket/","it","true","false","false","index","unknown_inventory_exclusion","2026-08-10","medium","May be intentionally omitted, a duplicate alternative, or a sitemap maintenance gap; no GSC evidence"
"https://www.metatecnocq.com/it/products/western-petroleum-cathode-gasket-2/","it","true","false","false","index","unknown_inventory_exclusion","2026-08-10","medium","May be intentionally omitted, a duplicate alternative, or a sitemap maintenance gap; no GSC evidence"
"https://www.metatecnocq.com/it/products/western-petroleum-cathode-gasket-3/","it","true","false","false","index","unknown_inventory_exclusion","2026-08-10","medium","May be intentionally omitted, a duplicate alternative, or a sitemap maintenance gap; no GSC evidence"
"https://www.metatecnocq.com/it/products/western-petroleum-cathode-gasket/","it","true","false","false","index","unknown_inventory_exclusion","2026-08-10","medium","May be intentionally omitted, a duplicate alternative, or a sitemap maintenance gap; no GSC evidence"
"https://www.metatecnocq.com/it/services/electrolyzer-cell-repair/","it","true","true","false","index","should_index","2026-08-10","medium","Sitemap plus indexable local HTML expresses intent, but does not prove Google indexing"
"https://www.metatecnocq.com/it/sitemap/","it","true","false","false","index","unknown_inventory_exclusion","2026-08-10","medium","May be intentionally omitted, a duplicate alternative, or a sitemap maintenance gap; no GSC evidence"
"https://www.metatecnocq.com/it/technology/","it","true","false","false","index","unknown_inventory_exclusion","2026-08-10","medium","May be intentionally omitted, a duplicate alternative, or a sitemap maintenance gap; no GSC evidence"
"https://www.metatecnocq.com/it/terms-of-service/","it","true","false","false","index","unknown_inventory_exclusion","2026-08-10","medium","May be intentionally omitted, a duplicate alternative, or a sitemap maintenance gap; no GSC evidence"
"https://www.metatecnocq.com/it/terms/","it","true","false","false","index","unknown_inventory_exclusion","2026-08-10","medium","May be intentionally omitted, a duplicate alternative, or a sitemap maintenance gap; no GSC evidence"
"https://www.metatecnocq.com/it/thank-you/","it","true","false","false","noindex","reasonable_exclusion","2026-08-10","high","No GSC URL Inspection was available to confirm Google behavior"
"https://www.metatecnocq.com/ja/","ja","true","false","true","index","unknown_inventory_exclusion","2026-08-10","medium","May be intentionally omitted, a duplicate alternative, or a sitemap maintenance gap; no GSC evidence"
"https://www.metatecnocq.com/ja/electrolyzer-cells/","ja","false","true","false","index","unknown_source_divergence","2026-08-10","high","URL may exist only in the deployed build; local source lacks matching canonical HTML"
"https://www.metatecnocq.com/ja/services/electrolyzer-cell-repair/","ja","false","true","false","index","unknown_source_divergence","2026-08-10","high","URL may exist only in the deployed build; local source lacks matching canonical HTML"
"https://www.metatecnocq.com/kk/","kk","true","false","true","index","unknown_inventory_exclusion","2026-08-10","medium","May be intentionally omitted, a duplicate alternative, or a sitemap maintenance gap; no GSC evidence"
"https://www.metatecnocq.com/kk/electrolyzer-cells/","kk","false","true","false","index","unknown_source_divergence","2026-08-10","high","URL may exist only in the deployed build; local source lacks matching canonical HTML"
"https://www.metatecnocq.com/ko-kp/","ko-kp","true","false","true","index","unknown_inventory_exclusion","2026-08-10","medium","May be intentionally omitted, a duplicate alternative, or a sitemap maintenance gap; no GSC evidence"
"https://www.metatecnocq.com/ko-kp/electrolyzer-cells/","ko-kp","false","true","false","index","unknown_source_divergence","2026-08-10","high","URL may exist only in the deployed build; local source lacks matching canonical HTML"
"https://www.metatecnocq.com/ko/","ko","true","false","true","index","unknown_inventory_exclusion","2026-08-10","medium","May be intentionally omitted, a duplicate alternative, or a sitemap maintenance gap; no GSC evidence"
"https://www.metatecnocq.com/ko/electrolyzer-cells/","ko","false","true","false","index","unknown_source_divergence","2026-08-10","high","URL may exist only in the deployed build; local source lacks matching canonical HTML"
"https://www.metatecnocq.com/ko/services/electrolyzer-cell-repair/","ko","false","true","false","index","unknown_source_divergence","2026-08-10","high","URL may exist only in the deployed build; local source lacks matching canonical HTML"
"https://www.metatecnocq.com/ky/","ky","true","false","true","index","unknown_inventory_exclusion","2026-08-10","medium","May be intentionally omitted, a duplicate alternative, or a sitemap maintenance gap; no GSC evidence"
"https://www.metatecnocq.com/ky/electrolyzer-cells/","ky","false","true","false","index","unknown_source_divergence","2026-08-10","high","URL may exist only in the deployed build; local source lacks matching canonical HTML"
"https://www.metatecnocq.com/lb/","lb","true","false","true","index","unknown_inventory_exclusion","2026-08-10","medium","May be intentionally omitted, a duplicate alternative, or a sitemap maintenance gap; no GSC evidence"
"https://www.metatecnocq.com/lb/electrolyzer-cells/","lb","false","true","false","index","unknown_source_divergence","2026-08-10","high","URL may exist only in the deployed build; local source lacks matching canonical HTML"
"https://www.metatecnocq.com/ms/","ms","true","false","true","index","unknown_inventory_exclusion","2026-08-10","medium","May be intentionally omitted, a duplicate alternative, or a sitemap maintenance gap; no GSC evidence"
"https://www.metatecnocq.com/ms/electrolyzer-cells/","ms","false","true","false","index","unknown_source_divergence","2026-08-10","high","URL may exist only in the deployed build; local source lacks matching canonical HTML"
"https://www.metatecnocq.com/nl/","nl","true","false","true","index","unknown_inventory_exclusion","2026-08-10","medium","May be intentionally omitted, a duplicate alternative, or a sitemap maintenance gap; no GSC evidence"
"https://www.metatecnocq.com/nl/electrolyzer-cells/","nl","false","true","false","index","unknown_source_divergence","2026-08-10","high","URL may exist only in the deployed build; local source lacks matching canonical HTML"
"https://www.metatecnocq.com/no/","no","true","false","false","index","unknown_inventory_exclusion","2026-08-10","medium","May be intentionally omitted, a duplicate alternative, or a sitemap maintenance gap; no GSC evidence"
"https://www.metatecnocq.com/no/electrolyzer-cells/","no","false","true","false","index","unknown_source_divergence","2026-08-10","high","URL may exist only in the deployed build; local source lacks matching canonical HTML"
"https://www.metatecnocq.com/pl/","pl","true","false","false","index","unknown_inventory_exclusion","2026-08-10","medium","May be intentionally omitted, a duplicate alternative, or a sitemap maintenance gap; no GSC evidence"
"https://www.metatecnocq.com/pl/electrolyzer-cells/","pl","false","true","false","index","unknown_source_divergence","2026-08-10","high","URL may exist only in the deployed build; local source lacks matching canonical HTML"
"https://www.metatecnocq.com/pt/","pt","true","false","true","index","unknown_inventory_exclusion","2026-08-10","medium","May be intentionally omitted, a duplicate alternative, or a sitemap maintenance gap; no GSC evidence"
"https://www.metatecnocq.com/pt/electrolyzer-cells/","pt","false","true","false","index","unknown_source_divergence","2026-08-10","high","URL may exist only in the deployed build; local source lacks matching canonical HTML"
"https://www.metatecnocq.com/pt/services/electrolyzer-cell-repair/","pt","false","true","false","index","unknown_source_divergence","2026-08-10","high","URL may exist only in the deployed build; local source lacks matching canonical HTML"
"https://www.metatecnocq.com/ro/","ro","true","false","false","index","unknown_inventory_exclusion","2026-08-10","medium","May be intentionally omitted, a duplicate alternative, or a sitemap maintenance gap; no GSC evidence"
"https://www.metatecnocq.com/ro/electrolyzer-cells/","ro","false","true","false","index","unknown_source_divergence","2026-08-10","high","URL may exist only in the deployed build; local source lacks matching canonical HTML"
"https://www.metatecnocq.com/ru/","ru","true","true","true","index","should_index","2026-08-10","medium","Sitemap plus indexable local HTML expresses intent, but does not prove Google indexing"
"https://www.metatecnocq.com/ru/about/","ru","true","true","false","index","should_index","2026-08-10","medium","Sitemap plus indexable local HTML expresses intent, but does not prove Google indexing"
"https://www.metatecnocq.com/ru/contact/","ru","true","true","false","index","should_index","2026-08-10","medium","Sitemap plus indexable local HTML expresses intent, but does not prove Google indexing"
"https://www.metatecnocq.com/ru/electrolyzer-cells/","ru","true","true","false","index","should_index","2026-08-10","medium","Sitemap plus indexable local HTML expresses intent, but does not prove Google indexing"
"https://www.metatecnocq.com/ru/news/","ru","true","false","false","index","unknown_inventory_exclusion","2026-08-10","medium","May be intentionally omitted, a duplicate alternative, or a sitemap maintenance gap; no GSC evidence"
"https://www.metatecnocq.com/ru/privacy-policy/","ru","true","false","false","index","unknown_inventory_exclusion","2026-08-10","medium","May be intentionally omitted, a duplicate alternative, or a sitemap maintenance gap; no GSC evidence"
"https://www.metatecnocq.com/ru/privacy/","ru","true","false","false","index","unknown_inventory_exclusion","2026-08-10","medium","May be intentionally omitted, a duplicate alternative, or a sitemap maintenance gap; no GSC evidence"
"https://www.metatecnocq.com/ru/products/","ru","true","true","false","index","should_index","2026-08-10","medium","Sitemap plus indexable local HTML expresses intent, but does not prove Google indexing"
"https://www.metatecnocq.com/ru/products/anode-gasket-2/","ru","true","false","false","index","unknown_inventory_exclusion","2026-08-10","medium","May be intentionally omitted, a duplicate alternative, or a sitemap maintenance gap; no GSC evidence"
"https://www.metatecnocq.com/ru/products/anode-gasket-3/","ru","true","false","false","index","unknown_inventory_exclusion","2026-08-10","medium","May be intentionally omitted, a duplicate alternative, or a sitemap maintenance gap; no GSC evidence"
"https://www.metatecnocq.com/ru/products/anode-gasket-4/","ru","true","false","false","index","unknown_inventory_exclusion","2026-08-10","medium","May be intentionally omitted, a duplicate alternative, or a sitemap maintenance gap; no GSC evidence"
"https://www.metatecnocq.com/ru/products/anode-gasket-5/","ru","true","false","false","index","unknown_inventory_exclusion","2026-08-10","medium","May be intentionally omitted, a duplicate alternative, or a sitemap maintenance gap; no GSC evidence"
"https://www.metatecnocq.com/ru/products/anode-gasket-6/","ru","true","false","false","index","unknown_inventory_exclusion","2026-08-10","medium","May be intentionally omitted, a duplicate alternative, or a sitemap maintenance gap; no GSC evidence"
"https://www.metatecnocq.com/ru/products/anode-gasket/","ru","true","false","false","index","unknown_inventory_exclusion","2026-08-10","medium","May be intentionally omitted, a duplicate alternative, or a sitemap maintenance gap; no GSC evidence"
"https://www.metatecnocq.com/ru/products/cathode-gasket-10/","ru","true","false","false","index","unknown_inventory_exclusion","2026-08-10","medium","May be intentionally omitted, a duplicate alternative, or a sitemap maintenance gap; no GSC evidence"
"https://www.metatecnocq.com/ru/products/cathode-gasket-2/","ru","true","false","false","index","unknown_inventory_exclusion","2026-08-10","medium","May be intentionally omitted, a duplicate alternative, or a sitemap maintenance gap; no GSC evidence"
"https://www.metatecnocq.com/ru/products/cathode-gasket-3/","ru","true","false","false","index","unknown_inventory_exclusion","2026-08-10","medium","May be intentionally omitted, a duplicate alternative, or a sitemap maintenance gap; no GSC evidence"
"https://www.metatecnocq.com/ru/products/cathode-gasket-4/","ru","true","false","false","index","unknown_inventory_exclusion","2026-08-10","medium","May be intentionally omitted, a duplicate alternative, or a sitemap maintenance gap; no GSC evidence"
"https://www.metatecnocq.com/ru/products/cathode-gasket-5/","ru","true","false","false","index","unknown_inventory_exclusion","2026-08-10","medium","May be intentionally omitted, a duplicate alternative, or a sitemap maintenance gap; no GSC evidence"
"https://www.metatecnocq.com/ru/products/cathode-gasket-6/","ru","true","false","false","index","unknown_inventory_exclusion","2026-08-10","medium","May be intentionally omitted, a duplicate alternative, or a sitemap maintenance gap; no GSC evidence"
"https://www.metatecnocq.com/ru/products/cathode-gasket-7/","ru","true","false","false","index","unknown_inventory_exclusion","2026-08-10","medium","May be intentionally omitted, a duplicate alternative, or a sitemap maintenance gap; no GSC evidence"
"https://www.metatecnocq.com/ru/products/cathode-gasket-8/","ru","true","false","false","index","unknown_inventory_exclusion","2026-08-10","medium","May be intentionally omitted, a duplicate alternative, or a sitemap maintenance gap; no GSC evidence"
"https://www.metatecnocq.com/ru/products/cathode-gasket-9/","ru","true","false","false","index","unknown_inventory_exclusion","2026-08-10","medium","May be intentionally omitted, a duplicate alternative, or a sitemap maintenance gap; no GSC evidence"
"https://www.metatecnocq.com/ru/products/cathode-gasket/","ru","true","false","false","index","unknown_inventory_exclusion","2026-08-10","medium","May be intentionally omitted, a duplicate alternative, or a sitemap maintenance gap; no GSC evidence"
"https://www.metatecnocq.com/ru/products/custom-gasket/","ru","true","false","false","index","unknown_inventory_exclusion","2026-08-10","medium","May be intentionally omitted, a duplicate alternative, or a sitemap maintenance gap; no GSC evidence"
"https://www.metatecnocq.com/ru/products/dd350-anode-gasket-2/","ru","true","false","false","index","unknown_inventory_exclusion","2026-08-10","medium","May be intentionally omitted, a duplicate alternative, or a sitemap maintenance gap; no GSC evidence"
"https://www.metatecnocq.com/ru/products/dd350-anode-gasket/","ru","true","true","false","index","should_index","2026-08-10","medium","Sitemap plus indexable local HTML expresses intent, but does not prove Google indexing"
"https://www.metatecnocq.com/ru/products/dd350-cathode-gasket/","ru","true","true","false","index","should_index","2026-08-10","medium","Sitemap plus indexable local HTML expresses intent, but does not prove Google indexing"
"https://www.metatecnocq.com/ru/products/electrolyzer-seals/","ru","true","false","false","index","unknown_inventory_exclusion","2026-08-10","medium","May be intentionally omitted, a duplicate alternative, or a sitemap maintenance gap; no GSC evidence"
"https://www.metatecnocq.com/ru/products/f2-anode-gasket-2/","ru","true","false","false","index","unknown_inventory_exclusion","2026-08-10","medium","May be intentionally omitted, a duplicate alternative, or a sitemap maintenance gap; no GSC evidence"
"https://www.metatecnocq.com/ru/products/f2-anode-gasket-3/","ru","true","false","false","index","unknown_inventory_exclusion","2026-08-10","medium","May be intentionally omitted, a duplicate alternative, or a sitemap maintenance gap; no GSC evidence"
"https://www.metatecnocq.com/ru/products/f2-anode-gasket/","ru","true","false","false","index","unknown_inventory_exclusion","2026-08-10","medium","May be intentionally omitted, a duplicate alternative, or a sitemap maintenance gap; no GSC evidence"
"https://www.metatecnocq.com/ru/products/f2-cathode-gasket-2/","ru","true","false","false","index","unknown_inventory_exclusion","2026-08-10","medium","May be intentionally omitted, a duplicate alternative, or a sitemap maintenance gap; no GSC evidence"
"https://www.metatecnocq.com/ru/products/f2-cathode-gasket/","ru","true","false","false","index","unknown_inventory_exclusion","2026-08-10","medium","May be intentionally omitted, a duplicate alternative, or a sitemap maintenance gap; no GSC evidence"
"https://www.metatecnocq.com/ru/products/flange-gasket-2/","ru","true","false","false","index","unknown_inventory_exclusion","2026-08-10","medium","May be intentionally omitted, a duplicate alternative, or a sitemap maintenance gap; no GSC evidence"
"https://www.metatecnocq.com/ru/products/flange-gasket/","ru","true","false","false","index","unknown_inventory_exclusion","2026-08-10","medium","May be intentionally omitted, a duplicate alternative, or a sitemap maintenance gap; no GSC evidence"
"https://www.metatecnocq.com/ru/products/fluoroplastic-hose-2/","ru","true","false","false","index","unknown_inventory_exclusion","2026-08-10","medium","May be intentionally omitted, a duplicate alternative, or a sitemap maintenance gap; no GSC evidence"
"https://www.metatecnocq.com/ru/products/fluoroplastic-hose/","ru","true","true","false","index","should_index","2026-08-10","medium","Sitemap plus indexable local HTML expresses intent, but does not prove Google indexing"
"https://www.metatecnocq.com/ru/products/fluoroplastic-seal/","ru","true","false","false","index","unknown_inventory_exclusion","2026-08-10","medium","May be intentionally omitted, a duplicate alternative, or a sitemap maintenance gap; no GSC evidence"
"https://www.metatecnocq.com/ru/products/fluoroplastic/","ru","true","true","false","index","should_index","2026-08-10","medium","Sitemap plus indexable local HTML expresses intent, but does not prove Google indexing"
"https://www.metatecnocq.com/ru/products/ici-gasket-2/","ru","true","false","false","index","unknown_inventory_exclusion","2026-08-10","medium","May be intentionally omitted, a duplicate alternative, or a sitemap maintenance gap; no GSC evidence"
"https://www.metatecnocq.com/ru/products/ici-gasket-3/","ru","true","false","false","index","unknown_inventory_exclusion","2026-08-10","medium","May be intentionally omitted, a duplicate alternative, or a sitemap maintenance gap; no GSC evidence"
"https://www.metatecnocq.com/ru/products/ici-gasket-4/","ru","true","false","false","index","unknown_inventory_exclusion","2026-08-10","medium","May be intentionally omitted, a duplicate alternative, or a sitemap maintenance gap; no GSC evidence"
"https://www.metatecnocq.com/ru/products/ici-gasket-5/","ru","true","false","false","index","unknown_inventory_exclusion","2026-08-10","medium","May be intentionally omitted, a duplicate alternative, or a sitemap maintenance gap; no GSC evidence"
"https://www.metatecnocq.com/ru/products/ici-gasket-6/","ru","true","false","false","index","unknown_inventory_exclusion","2026-08-10","medium","May be intentionally omitted, a duplicate alternative, or a sitemap maintenance gap; no GSC evidence"
"https://www.metatecnocq.com/ru/products/ici-gasket/","ru","true","false","false","index","unknown_inventory_exclusion","2026-08-10","medium","May be intentionally omitted, a duplicate alternative, or a sitemap maintenance gap; no GSC evidence"
"https://www.metatecnocq.com/ru/products/inlet-outlet-hose/","ru","true","false","false","index","unknown_inventory_exclusion","2026-08-10","medium","May be intentionally omitted, a duplicate alternative, or a sitemap maintenance gap; no GSC evidence"
"https://www.metatecnocq.com/ru/products/main-frame-gasket-2/","ru","true","false","false","index","unknown_inventory_exclusion","2026-08-10","medium","May be intentionally omitted, a duplicate alternative, or a sitemap maintenance gap; no GSC evidence"
"https://www.metatecnocq.com/ru/products/main-frame-gasket/","ru","true","false","false","index","unknown_inventory_exclusion","2026-08-10","medium","May be intentionally omitted, a duplicate alternative, or a sitemap maintenance gap; no GSC evidence"
"https://www.metatecnocq.com/ru/products/pipeline-seals/","ru","true","false","false","index","unknown_inventory_exclusion","2026-08-10","medium","May be intentionally omitted, a duplicate alternative, or a sitemap maintenance gap; no GSC evidence"
"https://www.metatecnocq.com/ru/products/rubber-gasket-2/","ru","true","false","false","index","unknown_inventory_exclusion","2026-08-10","medium","May be intentionally omitted, a duplicate alternative, or a sitemap maintenance gap; no GSC evidence"
"https://www.metatecnocq.com/ru/products/rubber-gasket-3/","ru","true","false","false","index","unknown_inventory_exclusion","2026-08-10","medium","May be intentionally omitted, a duplicate alternative, or a sitemap maintenance gap; no GSC evidence"
"https://www.metatecnocq.com/ru/products/rubber-gasket-4/","ru","true","false","false","index","unknown_inventory_exclusion","2026-08-10","medium","May be intentionally omitted, a duplicate alternative, or a sitemap maintenance gap; no GSC evidence"
"https://www.metatecnocq.com/ru/products/rubber-gasket/","ru","true","false","false","index","unknown_inventory_exclusion","2026-08-10","medium","May be intentionally omitted, a duplicate alternative, or a sitemap maintenance gap; no GSC evidence"
"https://www.metatecnocq.com/ru/products/uhde-gasket/","ru","true","true","false","index","should_index","2026-08-10","medium","Sitemap plus indexable local HTML expresses intent, but does not prove Google indexing"
"https://www.metatecnocq.com/ru/products/western-petroleum-anode-gasket-2/","ru","true","false","false","index","unknown_inventory_exclusion","2026-08-10","medium","May be intentionally omitted, a duplicate alternative, or a sitemap maintenance gap; no GSC evidence"
"https://www.metatecnocq.com/ru/products/western-petroleum-anode-gasket/","ru","true","false","false","index","unknown_inventory_exclusion","2026-08-10","medium","May be intentionally omitted, a duplicate alternative, or a sitemap maintenance gap; no GSC evidence"
"https://www.metatecnocq.com/ru/products/western-petroleum-cathode-gasket-2/","ru","true","false","false","index","unknown_inventory_exclusion","2026-08-10","medium","May be intentionally omitted, a duplicate alternative, or a sitemap maintenance gap; no GSC evidence"
"https://www.metatecnocq.com/ru/products/western-petroleum-cathode-gasket-3/","ru","true","false","false","index","unknown_inventory_exclusion","2026-08-10","medium","May be intentionally omitted, a duplicate alternative, or a sitemap maintenance gap; no GSC evidence"
"https://www.metatecnocq.com/ru/products/western-petroleum-cathode-gasket/","ru","true","false","false","index","unknown_inventory_exclusion","2026-08-10","medium","May be intentionally omitted, a duplicate alternative, or a sitemap maintenance gap; no GSC evidence"
"https://www.metatecnocq.com/ru/services/electrolyzer-cell-repair/","ru","true","true","false","index","should_index","2026-08-10","medium","Sitemap plus indexable local HTML expresses intent, but does not prove Google indexing"
"https://www.metatecnocq.com/ru/sitemap/","ru","true","false","false","index","unknown_inventory_exclusion","2026-08-10","medium","May be intentionally omitted, a duplicate alternative, or a sitemap maintenance gap; no GSC evidence"
"https://www.metatecnocq.com/ru/technology/","ru","true","true","false","index","should_index","2026-08-10","medium","Sitemap plus indexable local HTML expresses intent, but does not prove Google indexing"
"https://www.metatecnocq.com/ru/terms-of-service/","ru","true","false","false","index","unknown_inventory_exclusion","2026-08-10","medium","May be intentionally omitted, a duplicate alternative, or a sitemap maintenance gap; no GSC evidence"
"https://www.metatecnocq.com/ru/terms/","ru","true","false","false","index","unknown_inventory_exclusion","2026-08-10","medium","May be intentionally omitted, a duplicate alternative, or a sitemap maintenance gap; no GSC evidence"
"https://www.metatecnocq.com/ru/thank-you/","ru","true","false","false","noindex","reasonable_exclusion","2026-08-10","high","No GSC URL Inspection was available to confirm Google behavior"
"https://www.metatecnocq.com/sk/","sk","true","false","false","index","unknown_inventory_exclusion","2026-08-10","medium","May be intentionally omitted, a duplicate alternative, or a sitemap maintenance gap; no GSC evidence"
"https://www.metatecnocq.com/sk/electrolyzer-cells/","sk","false","true","false","index","unknown_source_divergence","2026-08-10","high","URL may exist only in the deployed build; local source lacks matching canonical HTML"
"https://www.metatecnocq.com/sl/","sl","true","false","false","index","unknown_inventory_exclusion","2026-08-10","medium","May be intentionally omitted, a duplicate alternative, or a sitemap maintenance gap; no GSC evidence"
"https://www.metatecnocq.com/sl/electrolyzer-cells/","sl","false","true","false","index","unknown_source_divergence","2026-08-10","high","URL may exist only in the deployed build; local source lacks matching canonical HTML"
"https://www.metatecnocq.com/sv/","sv","true","false","false","index","unknown_inventory_exclusion","2026-08-10","medium","May be intentionally omitted, a duplicate alternative, or a sitemap maintenance gap; no GSC evidence"
"https://www.metatecnocq.com/sv/electrolyzer-cells/","sv","false","true","false","index","unknown_source_divergence","2026-08-10","high","URL may exist only in the deployed build; local source lacks matching canonical HTML"
"https://www.metatecnocq.com/sw/","sw","true","false","false","index","unknown_inventory_exclusion","2026-08-10","medium","May be intentionally omitted, a duplicate alternative, or a sitemap maintenance gap; no GSC evidence"
"https://www.metatecnocq.com/sw/electrolyzer-cells/","sw","false","true","false","index","unknown_source_divergence","2026-08-10","high","URL may exist only in the deployed build; local source lacks matching canonical HTML"
"https://www.metatecnocq.com/tg/","tg","true","false","true","index","unknown_inventory_exclusion","2026-08-10","medium","May be intentionally omitted, a duplicate alternative, or a sitemap maintenance gap; no GSC evidence"
"https://www.metatecnocq.com/tg/electrolyzer-cells/","tg","false","true","false","index","unknown_source_divergence","2026-08-10","high","URL may exist only in the deployed build; local source lacks matching canonical HTML"
"https://www.metatecnocq.com/th/","th","true","false","true","index","unknown_inventory_exclusion","2026-08-10","medium","May be intentionally omitted, a duplicate alternative, or a sitemap maintenance gap; no GSC evidence"
"https://www.metatecnocq.com/th/electrolyzer-cells/","th","false","true","false","index","unknown_source_divergence","2026-08-10","high","URL may exist only in the deployed build; local source lacks matching canonical HTML"
"https://www.metatecnocq.com/tk/","tk","true","false","true","index","unknown_inventory_exclusion","2026-08-10","medium","May be intentionally omitted, a duplicate alternative, or a sitemap maintenance gap; no GSC evidence"
"https://www.metatecnocq.com/tk/electrolyzer-cells/","tk","false","true","false","index","unknown_source_divergence","2026-08-10","high","URL may exist only in the deployed build; local source lacks matching canonical HTML"
"https://www.metatecnocq.com/tr/","tr","true","false","true","index","unknown_inventory_exclusion","2026-08-10","medium","May be intentionally omitted, a duplicate alternative, or a sitemap maintenance gap; no GSC evidence"
"https://www.metatecnocq.com/tr/electrolyzer-cells/","tr","false","true","false","index","unknown_source_divergence","2026-08-10","high","URL may exist only in the deployed build; local source lacks matching canonical HTML"
"https://www.metatecnocq.com/uk/","uk","true","false","false","index","unknown_inventory_exclusion","2026-08-10","medium","May be intentionally omitted, a duplicate alternative, or a sitemap maintenance gap; no GSC evidence"
"https://www.metatecnocq.com/uk/electrolyzer-cells/","uk","false","true","false","index","unknown_source_divergence","2026-08-10","high","URL may exist only in the deployed build; local source lacks matching canonical HTML"
"https://www.metatecnocq.com/uz/","uz","true","true","true","index","should_index","2026-08-10","medium","Sitemap plus indexable local HTML expresses intent, but does not prove Google indexing"
"https://www.metatecnocq.com/uz/about/","uz","false","true","false","index","unknown_source_divergence","2026-08-10","high","URL may exist only in the deployed build; local source lacks matching canonical HTML"
"https://www.metatecnocq.com/uz/contact/","uz","false","true","false","index","unknown_source_divergence","2026-08-10","high","URL may exist only in the deployed build; local source lacks matching canonical HTML"
"https://www.metatecnocq.com/uz/electrolyzer-cells/","uz","false","true","false","index","unknown_source_divergence","2026-08-10","high","URL may exist only in the deployed build; local source lacks matching canonical HTML"
"https://www.metatecnocq.com/uz/products/","uz","false","true","false","index","unknown_source_divergence","2026-08-10","high","URL may exist only in the deployed build; local source lacks matching canonical HTML"
"https://www.metatecnocq.com/uz/products/dd350-anode-gasket/","uz","false","true","false","index","unknown_source_divergence","2026-08-10","high","URL may exist only in the deployed build; local source lacks matching canonical HTML"
"https://www.metatecnocq.com/uz/products/dd350-cathode-gasket/","uz","false","true","false","index","unknown_source_divergence","2026-08-10","high","URL may exist only in the deployed build; local source lacks matching canonical HTML"
"https://www.metatecnocq.com/uz/products/fluoroplastic-hose/","uz","false","true","false","index","unknown_source_divergence","2026-08-10","high","URL may exist only in the deployed build; local source lacks matching canonical HTML"
"https://www.metatecnocq.com/uz/products/fluoroplastic/","uz","false","true","false","index","unknown_source_divergence","2026-08-10","high","URL may exist only in the deployed build; local source lacks matching canonical HTML"
"https://www.metatecnocq.com/uz/products/uhde-gasket/","uz","false","true","false","index","unknown_source_divergence","2026-08-10","high","URL may exist only in the deployed build; local source lacks matching canonical HTML"
"https://www.metatecnocq.com/uz/services/electrolyzer-cell-repair/","uz","false","true","false","index","unknown_source_divergence","2026-08-10","high","URL may exist only in the deployed build; local source lacks matching canonical HTML"
"https://www.metatecnocq.com/uz/technology/","uz","false","true","false","index","unknown_source_divergence","2026-08-10","high","URL may exist only in the deployed build; local source lacks matching canonical HTML"
"https://www.metatecnocq.com/vi/","vi","true","false","true","index","unknown_inventory_exclusion","2026-08-10","medium","May be intentionally omitted, a duplicate alternative, or a sitemap maintenance gap; no GSC evidence"
"https://www.metatecnocq.com/vi/electrolyzer-cells/","vi","false","true","false","index","unknown_source_divergence","2026-08-10","high","URL may exist only in the deployed build; local source lacks matching canonical HTML"
